{
  "pnl_weight": 1.368958432314087,
  "transaction_cost_weight": 4.554172687764752,
  "risk_adjustment_weight": 1.2651789881236266,
  "stability_penalty_weight": 0.7587846045364801
}
