{
  "mean_reward": -0.0017637878040764493,
  "mean_return": -176.21785611128144,
  "std_return": 0.0,
  "episode_returns": [
    -176.21785611128144, -176.21785611128144, -176.21785611128144,
    -176.21785611128144, -176.21785611128144, -176.21785611128144,
    -176.21785611128144, -176.21785611128144, -176.21785611128144,
    -176.21785611128144
  ],
  "episode_rewards": [
    -0.001763787804076449, -0.001763787804076449, -0.001763787804076449,
    -0.001763787804076449, -0.001763787804076449, -0.001763787804076449,
    -0.001763787804076449, -0.001763787804076449, -0.001763787804076449,
    -0.001763787804076449
  ],
  "n_episodes": 10
}
