{
  "train_mse": 0.2558185495222992,
  "train_mae": 0.3993893983222323,
  "train_r2": 0.9875404215150138,
  "cv_mse_mean": 0.0,
  "cv_mse_std": 0.0,
  "val_mse": 0.25460809518628985,
  "val_mae": 0.3992422338491298,
  "val_r2": 0.9458210636790917
}